{
  "fastica": {
    "snr_lin": 6.811494728540766,
    "snr_db": 16.664848497070142,
    "delta_snr_db": 2.781797928836916,
    "sf_linear": 1.0928960461918875,
    "sf_db": 0.7715770960427702,
    "n_excluded": 4,
    "excluded_components": [
      0,
      10,
      12,
      13
    ]
  },
  "infomax": {
    "snr_lin": 6.265876745843764,
    "snr_db": 15.939636955100148,
    "delta_snr_db": 2.056586386866922,
    "sf_linear": 1.1373636636523796,
    "sf_db": 1.117986987073795,
    "n_excluded": 4,
    "excluded_components": [
      0,
      10,
      12,
      13
    ]
  },
  "picard": {
    "snr_lin": 6.026517594162891,
    "snr_db": 15.60132857607115,
    "delta_snr_db": 1.7182780078379238,
    "sf_linear": 1.1488113722854634,
    "sf_db": 1.204974521536537,
    "n_excluded": 5,
    "excluded_components": [
      0,
      10,
      12,
      13,
      14
    ]
  },
  "jade": {
    "snr_lin": 5.816783454488173,
    "snr_db": 15.293657926229084,
    "delta_snr_db": 1.4106073579958576,
    "sf_linear": 0.9865008179668984,
    "sf_db": -0.11805100624161735,
    "n_excluded": 2,
    "excluded_components": [
      4,
      11
    ]
  },
  "sobi": {
    "snr_lin": 5.14559581671012,
    "snr_db": 14.228713393155594,
    "delta_snr_db": 0.34566282492236766,
    "sf_linear": 1.0141931872608851,
    "sf_db": 0.12241377785685281,
    "n_excluded": 2,
    "excluded_components": [
      8,
      11
    ]
  },
  "amuse": {
    "snr_lin": 5.215766487279752,
    "snr_db": 14.346362791149101,
    "delta_snr_db": 0.46331222291587437,
    "sf_linear": 1.0636619590095386,
    "sf_db": 0.5360725467184932,
    "n_excluded": 3,
    "excluded_components": [
      6,
      8,
      9
    ]
  },
  "before": {
    "snr_lin": 4.944843241584354,
    "snr_db": 13.883050568233227
  }
}