{
  "fastica": {
    "snr_lin": 7.69461478589713,
    "snr_db": 17.723737654118445,
    "delta_snr_db": 2.7133450726526593,
    "sf_linear": 1.0441501142258245,
    "sf_db": 0.3752588065308501,
    "n_excluded": 4,
    "excluded_components": [
      0,
      10,
      12,
      13
    ]
  },
  "infomax": {
    "snr_lin": 7.379684475926764,
    "snr_db": 17.360755872522372,
    "delta_snr_db": 2.3503632910565866,
    "sf_linear": 1.123273971888828,
    "sf_db": 1.0097139136155,
    "n_excluded": 4,
    "excluded_components": [
      0,
      10,
      12,
      13
    ]
  },
  "picard": {
    "snr_lin": 7.095811200651155,
    "snr_db": 17.020041032735516,
    "delta_snr_db": 2.0096484512697312,
    "sf_linear": 1.1292006034001636,
    "sf_db": 1.0554220308949323,
    "n_excluded": 5,
    "excluded_components": [
      0,
      10,
      12,
      13,
      14
    ]
  },
  "jade": {
    "snr_lin": 6.424249846065202,
    "snr_db": 16.1564484556785,
    "delta_snr_db": 1.1460558742127152,
    "sf_linear": 0.9896162322529989,
    "sf_db": -0.09066379546694589,
    "n_excluded": 2,
    "excluded_components": [
      4,
      11
    ]
  },
  "sobi": {
    "snr_lin": 5.769789024070597,
    "snr_db": 15.223198663956538,
    "delta_snr_db": 0.2128060824907525,
    "sf_linear": 1.0021827855331382,
    "sf_db": 0.0189387721168768,
    "n_excluded": 2,
    "excluded_components": [
      8,
      11
    ]
  },
  "amuse": {
    "snr_lin": 6.01529835789078,
    "snr_db": 15.585143463017154,
    "delta_snr_db": 0.5747508815513687,
    "sf_linear": 1.0820184970782867,
    "sf_db": 0.6846937017394295,
    "n_excluded": 3,
    "excluded_components": [
      6,
      8,
      9
    ]
  },
  "before": {
    "snr_lin": 5.63014563732728,
    "snr_db": 15.010392581465785
  }
}